ecoli70,1000,0,2022_default__RSS_norefit,0.7428571428571429,0.4222222222222222,44.0
ecoli70,1000,0,2022_default__log_refit,0.7571428571428571,0.7427184466019418,155.0
ecoli70,1000,0,logcrit=0_refit=0,0.7285714285714285,0.203125,22.0
ecoli70,1000,0,logcrit=0_refit=1,0.7,0.18333333333333332,23.0
ecoli70,1000,0,logcrit=1_refit=0,0.7428571428571429,0.4157303370786517,43.0
ecoli70,1000,0,logcrit=1_refit=1,0.7428571428571429,0.2972972972972973,28.0
ecoli70,1000,0,gic_const_logp,0.7428571428571429,0.2777777777777778,27.0
ecoli70,1000,1,2022_default__RSS_norefit,0.7428571428571429,0.3953488372093023,41.0
ecoli70,1000,1,2022_default__log_refit,0.7571428571428571,0.7476190476190476,161.0
ecoli70,1000,1,logcrit=0_refit=0,0.7428571428571429,0.1875,21.0
ecoli70,1000,1,logcrit=0_refit=1,0.7142857142857143,0.16666666666666666,21.0
ecoli70,1000,1,logcrit=1_refit=0,0.7428571428571429,0.3246753246753247,33.0
ecoli70,1000,1,logcrit=1_refit=1,0.7428571428571429,0.2777777777777778,28.0
ecoli70,1000,1,gic_const_logp,0.7428571428571429,0.21212121212121213,22.0
ecoli70,1000,2,2022_default__RSS_norefit,0.8142857142857143,0.43,49.0
ecoli70,1000,2,2022_default__log_refit,0.8142857142857143,0.703125,138.0
ecoli70,1000,2,logcrit=0_refit=0,0.7714285714285715,0.15625,21.0
ecoli70,1000,2,logcrit=0_refit=1,0.7428571428571429,0.16129032258064516,23.0
ecoli70,1000,2,logcrit=1_refit=0,0.8142857142857143,0.3132530120481928,32.0
ecoli70,1000,2,logcrit=1_refit=1,0.8142857142857143,0.2191780821917808,23.0
ecoli70,1000,2,gic_const_logp,0.8142857142857143,0.18571428571428572,20.0
ecoli70,300,0,2022_default__RSS_norefit,0.6857142857142857,0.4074074074074074,45.0
ecoli70,300,0,2022_default__log_refit,0.7,0.7688679245283019,169.0
ecoli70,300,0,logcrit=0_refit=0,0.6428571428571429,0.21052631578947367,27.0
ecoli70,300,0,logcrit=0_refit=1,0.6285714285714286,0.2,28.0
ecoli70,300,0,logcrit=1_refit=0,0.6857142857142857,0.3333333333333333,36.0
ecoli70,300,0,logcrit=1_refit=1,0.6857142857142857,0.2727272727272727,31.0
ecoli70,300,0,gic_const_logp,0.6857142857142857,0.21311475409836064,26.0
ecoli70,300,1,2022_default__RSS_norefit,0.6571428571428571,0.3698630136986301,41.0
ecoli70,300,1,2022_default__log_refit,0.7142857142857143,0.7652582159624414,171.0
ecoli70,300,1,logcrit=0_refit=0,0.6142857142857143,0.2037037037037037,28.0
ecoli70,300,1,logcrit=0_refit=1,0.5857142857142857,0.21153846153846154,31.0
ecoli70,300,1,logcrit=1_refit=0,0.7,0.36363636363636365,39.0
ecoli70,300,1,logcrit=1_refit=1,0.7,0.3,32.0
ecoli70,300,1,gic_const_logp,0.7,0.25757575757575757,28.0
ecoli70,300,2,2022_default__RSS_norefit,0.6571428571428571,0.39473684210526316,44.0
ecoli70,300,2,2022_default__log_refit,0.7142857142857143,0.7695852534562212,174.0
ecoli70,300,2,logcrit=0_refit=0,0.6142857142857143,0.2037037037037037,30.0
ecoli70,300,2,logcrit=0_refit=1,0.6,0.2222222222222222,32.0
ecoli70,300,2,logcrit=1_refit=0,0.6857142857142857,0.3424657534246575,37.0
ecoli70,300,2,logcrit=1_refit=1,0.6857142857142857,0.2727272727272727,31.0
ecoli70,300,2,gic_const_logp,0.6714285714285714,0.265625,31.0
magic-irri,1000,0,2022_default__RSS_norefit,0.7254901960784313,0.4825174825174825,81.0
magic-irri,1000,0,2022_default__log_refit,0.7549019607843137,0.7307692307692307,217.0
magic-irri,1000,0,logcrit=0_refit=0,0.5882352941176471,0.22077922077922077,45.0
magic-irri,1000,0,logcrit=0_refit=1,0.5980392156862745,0.26506024096385544,48.0
magic-irri,1000,0,logcrit=1_refit=0,0.6470588235294118,0.23255813953488372,40.0
magic-irri,1000,0,logcrit=1_refit=1,0.6666666666666666,0.29896907216494845,47.0
magic-irri,1000,0,gic_const_logp,0.6666666666666666,0.24444444444444444,41.0
magic-irri,1000,1,2022_default__RSS_norefit,0.7450980392156863,0.3821138211382114,62.0
magic-irri,1000,1,2022_default__log_refit,0.8235294117647058,0.6485355648535565,162.0
magic-irri,1000,1,logcrit=0_refit=0,0.6176470588235294,0.11267605633802817,39.0
magic-irri,1000,1,logcrit=0_refit=1,0.6568627450980392,0.14102564102564102,36.0
magic-irri,1000,1,logcrit=1_refit=0,0.696078431372549,0.12345679012345678,33.0
magic-irri,1000,1,logcrit=1_refit=1,0.7156862745098039,0.1797752808988764,35.0
magic-irri,1000,1,gic_const_logp,0.7156862745098039,0.1511627906976744,32.0
magic-irri,1000,2,2022_default__RSS_norefit,0.6666666666666666,0.4925373134328358,87.0
magic-irri,1000,2,2022_default__log_refit,0.7156862745098039,0.7306273062730627,212.0
magic-irri,1000,2,logcrit=0_refit=0,0.5490196078431373,0.2,49.0
magic-irri,1000,2,logcrit=0_refit=1,0.5882352941176471,0.24050632911392406,50.0
magic-irri,1000,2,logcrit=1_refit=0,0.5980392156862745,0.22784810126582278,48.0
magic-irri,1000,2,logcrit=1_refit=1,0.6470588235294118,0.25,46.0
magic-irri,1000,2,gic_const_logp,0.6372549019607843,0.23529411764705882,46.0
magic-irri,300,0,2022_default__RSS_norefit,0.46078431372549017,0.5648148148148148,107.0
magic-irri,300,0,2022_default__log_refit,0.5392156862745098,0.7629310344827587,214.0
magic-irri,300,0,logcrit=0_refit=0,0.28431372549019607,0.19444444444444445,73.0
magic-irri,300,0,logcrit=0_refit=1,0.3333333333333333,0.20930232558139536,70.0
magic-irri,300,0,logcrit=1_refit=0,0.3431372549019608,0.2222222222222222,68.0
magic-irri,300,0,logcrit=1_refit=1,0.38235294117647056,0.3275862068965517,74.0
magic-irri,300,0,gic_const_logp,0.3627450980392157,0.3018867924528302,73.0
magic-irri,300,1,2022_default__RSS_norefit,0.39215686274509803,0.3939393939393939,75.0
magic-irri,300,1,2022_default__log_refit,0.49019607843137253,0.7311827956989247,175.0
magic-irri,300,1,logcrit=0_refit=0,0.23529411764705882,0.29411764705882354,79.0
magic-irri,300,1,logcrit=0_refit=1,0.28431372549019607,0.23684210526315788,73.0
magic-irri,300,1,logcrit=1_refit=0,0.30392156862745096,0.27906976744186046,73.0
magic-irri,300,1,logcrit=1_refit=1,0.3431372549019608,0.2553191489361702,69.0
magic-irri,300,1,gic_const_logp,0.3431372549019608,0.2391304347826087,68.0
magic-irri,300,2,2022_default__RSS_norefit,0.4411764705882353,0.3835616438356164,78.0
magic-irri,300,2,2022_default__log_refit,0.5392156862745098,0.7135416666666666,174.0
magic-irri,300,2,logcrit=0_refit=0,0.29411764705882354,0.16666666666666666,72.0
magic-irri,300,2,logcrit=0_refit=1,0.3137254901960784,0.1794871794871795,71.0
magic-irri,300,2,logcrit=1_refit=0,0.3333333333333333,0.15,68.0
magic-irri,300,2,logcrit=1_refit=1,0.3627450980392157,0.26,71.0
magic-irri,300,2,gic_const_logp,0.35294117647058826,0.23404255319148937,71.0
magic-niab,1000,0,2022_default__RSS_norefit,0.7272727272727273,0.6190476190476191,81.0
magic-niab,1000,0,2022_default__log_refit,0.7272727272727273,0.7333333333333333,135.0
magic-niab,1000,0,logcrit=0_refit=0,0.6515151515151515,0.24561403508771928,24.0
magic-niab,1000,0,logcrit=0_refit=1,0.6666666666666666,0.26666666666666666,25.0
magic-niab,1000,0,logcrit=1_refit=0,0.6666666666666666,0.2542372881355932,24.0
magic-niab,1000,0,logcrit=1_refit=1,0.6818181818181818,0.26229508196721313,24.0
magic-niab,1000,0,gic_const_logp,0.6818181818181818,0.26229508196721313,24.0
magic-niab,1000,1,2022_default__RSS_norefit,0.7121212121212122,0.5803571428571429,68.0
magic-niab,1000,1,2022_default__log_refit,0.7121212121212122,0.7098765432098766,118.0
magic-niab,1000,1,logcrit=0_refit=0,0.6515151515151515,0.23214285714285715,23.0
magic-niab,1000,1,logcrit=0_refit=1,0.6666666666666666,0.2542372881355932,23.0
magic-niab,1000,1,logcrit=1_refit=0,0.6515151515151515,0.24561403508771928,24.0
magic-niab,1000,1,logcrit=1_refit=1,0.6818181818181818,0.296875,25.0
magic-niab,1000,1,gic_const_logp,0.6515151515151515,0.2833333333333333,25.0
magic-niab,1000,2,2022_default__RSS_norefit,0.8939393939393939,0.3516483516483517,32.0
magic-niab,1000,2,2022_default__log_refit,0.8939393939393939,0.5874125874125874,84.0
magic-niab,1000,2,logcrit=0_refit=0,0.7878787878787878,0.14754098360655737,16.0
magic-niab,1000,2,logcrit=0_refit=1,0.803030303030303,0.171875,17.0
magic-niab,1000,2,logcrit=1_refit=0,0.803030303030303,0.15873015873015872,16.0
magic-niab,1000,2,logcrit=1_refit=1,0.8333333333333334,0.2028985507246377,18.0
magic-niab,1000,2,gic_const_logp,0.8181818181818182,0.19402985074626866,18.0
magic-niab,300,0,2022_default__RSS_norefit,0.5303030303030303,0.5882352941176471,71.0
magic-niab,300,0,2022_default__log_refit,0.5909090909090909,0.7214285714285714,117.0
magic-niab,300,0,logcrit=0_refit=0,0.2878787878787879,0.2692307692307692,47.0
magic-niab,300,0,logcrit=0_refit=1,0.36363636363636365,0.25,43.0
magic-niab,300,0,logcrit=1_refit=0,0.3787878787878788,0.21875,41.0
magic-niab,300,0,logcrit=1_refit=1,0.4393939393939394,0.23684210526315788,38.0
magic-niab,300,0,gic_const_logp,0.4393939393939394,0.23684210526315788,38.0
magic-niab,300,1,2022_default__RSS_norefit,0.4393939393939394,0.5857142857142857,66.0
magic-niab,300,1,2022_default__log_refit,0.45454545454545453,0.7222222222222222,100.0
magic-niab,300,1,logcrit=0_refit=0,0.2878787878787879,0.2692307692307692,47.0
magic-niab,300,1,logcrit=0_refit=1,0.30303030303030304,0.2857142857142857,46.0
magic-niab,300,1,logcrit=1_refit=0,0.3939393939393939,0.23529411764705882,40.0
magic-niab,300,1,logcrit=1_refit=1,0.4090909090909091,0.25,39.0
magic-niab,300,1,gic_const_logp,0.4090909090909091,0.25,39.0
magic-niab,300,2,2022_default__RSS_norefit,0.45454545454545453,0.5588235294117647,65.0
magic-niab,300,2,2022_default__log_refit,0.5151515151515151,0.7166666666666667,109.0
magic-niab,300,2,logcrit=0_refit=0,0.2727272727272727,0.18181818181818182,48.0
magic-niab,300,2,logcrit=0_refit=1,0.3333333333333333,0.2903225806451613,46.0
magic-niab,300,2,logcrit=1_refit=0,0.36363636363636365,0.2,42.0
magic-niab,300,2,logcrit=1_refit=1,0.3787878787878788,0.3055555555555556,45.0
magic-niab,300,2,gic_const_logp,0.36363636363636365,0.3142857142857143,46.0
