ecoli70,1000,0,code2022_buggy,0.7714285714285715,0.5428571428571428,0.17391304347826086,35.0,38.0,8.0,32.0,46.0
ecoli70,1000,0,code2022_signfixed,0.7714285714285715,0.7285714285714285,0.23880597014925373,25.0,51.0,16.0,19.0,67.0
ecoli70,1000,0,fixed_c1,0.7714285714285715,0.7428571428571429,0.35802469135802467,35.0,52.0,29.0,18.0,81.0
ecoli70,1000,0,fixed_c2,0.7714285714285715,0.7428571428571429,0.2972972972972973,28.0,52.0,22.0,18.0,74.0
ecoli70,1000,0,fixed_c3,0.7714285714285715,0.7285714285714285,0.2916666666666667,28.0,51.0,21.0,19.0,72.0
ecoli70,1000,0,fixed_c4,0.7714285714285715,0.7285714285714285,0.25,25.0,51.0,17.0,19.0,68.0
ecoli70,1000,0,fixed_c5,0.7714285714285715,0.7285714285714285,0.23880597014925373,25.0,51.0,16.0,19.0,67.0
ecoli70,1000,0,fixed_c6,0.7714285714285715,0.7285714285714285,0.22727272727272727,24.0,51.0,15.0,19.0,66.0
ecoli70,1000,0,fixed_c8,0.7714285714285715,0.7142857142857143,0.21875,25.0,50.0,14.0,20.0,64.0
ecoli70,1000,1,code2022_buggy,0.7714285714285715,0.5285714285714286,0.13953488372093023,33.0,37.0,6.0,33.0,43.0
ecoli70,1000,1,code2022_signfixed,0.7714285714285715,0.7428571428571429,0.1875,21.0,52.0,12.0,18.0,64.0
ecoli70,1000,1,fixed_c1,0.7714285714285715,0.7428571428571429,0.34177215189873417,35.0,52.0,27.0,18.0,79.0
ecoli70,1000,1,fixed_c2,0.7714285714285715,0.7428571428571429,0.2777777777777778,28.0,52.0,20.0,18.0,72.0
ecoli70,1000,1,fixed_c3,0.7714285714285715,0.7428571428571429,0.2463768115942029,25.0,52.0,17.0,18.0,69.0
ecoli70,1000,1,fixed_c4,0.7714285714285715,0.7285714285714285,0.2153846153846154,23.0,51.0,14.0,19.0,65.0
ecoli70,1000,1,fixed_c5,0.7714285714285715,0.7285714285714285,0.2153846153846154,23.0,51.0,14.0,19.0,65.0
ecoli70,1000,1,fixed_c6,0.7714285714285715,0.7285714285714285,0.203125,22.0,51.0,13.0,19.0,64.0
ecoli70,1000,1,fixed_c8,0.7714285714285715,0.7285714285714285,0.1774193548387097,21.0,51.0,11.0,19.0,62.0
ecoli70,1000,2,code2022_buggy,0.8285714285714286,0.5714285714285714,0.16666666666666666,34.0,40.0,8.0,30.0,48.0
ecoli70,1000,2,code2022_signfixed,0.8285714285714286,0.7857142857142857,0.2028985507246377,24.0,55.0,14.0,15.0,69.0
ecoli70,1000,2,fixed_c1,0.8285714285714286,0.8142857142857143,0.37362637362637363,38.0,57.0,34.0,13.0,91.0
ecoli70,1000,2,fixed_c2,0.8285714285714286,0.8142857142857143,0.2191780821917808,23.0,57.0,16.0,13.0,73.0
ecoli70,1000,2,fixed_c3,0.8285714285714286,0.8142857142857143,0.17391304347826086,19.0,57.0,12.0,13.0,69.0
ecoli70,1000,2,fixed_c4,0.8285714285714286,0.8142857142857143,0.13636363636363635,16.0,57.0,9.0,13.0,66.0
ecoli70,1000,2,fixed_c5,0.8285714285714286,0.8142857142857143,0.13636363636363635,16.0,57.0,9.0,13.0,66.0
ecoli70,1000,2,fixed_c6,0.8285714285714286,0.8142857142857143,0.13636363636363635,16.0,57.0,9.0,13.0,66.0
ecoli70,1000,2,fixed_c8,0.8285714285714286,0.8142857142857143,0.13636363636363635,16.0,57.0,9.0,13.0,66.0
ecoli70,1000,3,code2022_buggy,0.7428571428571429,0.5142857142857142,0.21739130434782608,37.0,36.0,10.0,34.0,46.0
ecoli70,1000,3,code2022_signfixed,0.7428571428571429,0.6857142857142857,0.25,27.0,48.0,16.0,22.0,64.0
ecoli70,1000,3,fixed_c1,0.7428571428571429,0.7,0.4367816091954023,46.0,49.0,38.0,21.0,87.0
ecoli70,1000,3,fixed_c2,0.7428571428571429,0.7,0.33783783783783783,33.0,49.0,25.0,21.0,74.0
ecoli70,1000,3,fixed_c3,0.7428571428571429,0.7,0.2898550724637681,28.0,49.0,20.0,21.0,69.0
ecoli70,1000,3,fixed_c4,0.7428571428571429,0.7,0.2898550724637681,28.0,49.0,20.0,21.0,69.0
ecoli70,1000,3,fixed_c5,0.7428571428571429,0.7,0.26865671641791045,27.0,49.0,18.0,21.0,67.0
ecoli70,1000,3,fixed_c6,0.7428571428571429,0.7,0.25757575757575757,26.0,49.0,17.0,21.0,66.0
ecoli70,1000,3,fixed_c8,0.7428571428571429,0.7,0.25757575757575757,26.0,49.0,17.0,21.0,66.0
ecoli70,1000,4,code2022_buggy,0.9,0.6,0.10638297872340426,31.0,42.0,5.0,28.0,47.0
ecoli70,1000,4,code2022_signfixed,0.9,0.7714285714285715,0.18181818181818182,23.0,54.0,12.0,16.0,66.0
ecoli70,1000,4,fixed_c1,0.9,0.8142857142857143,0.3372093023255814,36.0,57.0,29.0,13.0,86.0
ecoli70,1000,4,fixed_c2,0.9,0.8,0.2222222222222222,24.0,56.0,16.0,14.0,72.0
ecoli70,1000,4,fixed_c3,0.9,0.8,0.17647058823529413,20.0,56.0,12.0,14.0,68.0
ecoli70,1000,4,fixed_c4,0.9,0.8,0.16417910447761194,19.0,56.0,11.0,14.0,67.0
ecoli70,1000,4,fixed_c5,0.9,0.8,0.16417910447761194,19.0,56.0,11.0,14.0,67.0
ecoli70,1000,4,fixed_c6,0.9,0.7857142857142857,0.16666666666666666,20.0,55.0,11.0,15.0,66.0
ecoli70,1000,4,fixed_c8,0.9,0.7714285714285715,0.15625,20.0,54.0,10.0,16.0,64.0
ecoli70,1000,5,code2022_buggy,0.7714285714285715,0.5142857142857142,0.2,37.0,36.0,9.0,34.0,45.0
ecoli70,1000,5,code2022_signfixed,0.7714285714285715,0.7285714285714285,0.22727272727272727,25.0,51.0,15.0,19.0,66.0
ecoli70,1000,5,fixed_c1,0.7714285714285715,0.7285714285714285,0.3780487804878049,37.0,51.0,31.0,19.0,82.0
ecoli70,1000,5,fixed_c2,0.7714285714285715,0.7285714285714285,0.3013698630136986,30.0,51.0,22.0,19.0,73.0
ecoli70,1000,5,fixed_c3,0.7714285714285715,0.7142857142857143,0.2857142857142857,29.0,50.0,20.0,20.0,70.0
ecoli70,1000,5,fixed_c4,0.7714285714285715,0.7142857142857143,0.2537313432835821,26.0,50.0,17.0,20.0,67.0
ecoli70,1000,5,fixed_c5,0.7714285714285715,0.7142857142857143,0.23076923076923078,24.0,50.0,15.0,20.0,65.0
ecoli70,1000,5,fixed_c6,0.7714285714285715,0.7142857142857143,0.23076923076923078,24.0,50.0,15.0,20.0,65.0
ecoli70,1000,5,fixed_c8,0.7714285714285715,0.7142857142857143,0.23076923076923078,24.0,50.0,15.0,20.0,65.0
ecoli70,1000,6,code2022_buggy,0.8142857142857143,0.5571428571428572,0.13333333333333333,32.0,39.0,6.0,31.0,45.0
ecoli70,1000,6,code2022_signfixed,0.8142857142857143,0.7571428571428571,0.208955223880597,23.0,53.0,14.0,17.0,67.0
ecoli70,1000,6,fixed_c1,0.8142857142857143,0.7857142857142857,0.3373493975903614,34.0,55.0,28.0,15.0,83.0
ecoli70,1000,6,fixed_c2,0.8142857142857143,0.7857142857142857,0.2361111111111111,24.0,55.0,17.0,15.0,72.0
ecoli70,1000,6,fixed_c3,0.8142857142857143,0.7857142857142857,0.21428571428571427,22.0,55.0,15.0,15.0,70.0
ecoli70,1000,6,fixed_c4,0.8142857142857143,0.7714285714285715,0.18181818181818182,20.0,54.0,12.0,16.0,66.0
ecoli70,1000,6,fixed_c5,0.8142857142857143,0.7714285714285715,0.18181818181818182,20.0,54.0,12.0,16.0,66.0
ecoli70,1000,6,fixed_c6,0.8142857142857143,0.7571428571428571,0.171875,20.0,53.0,11.0,17.0,64.0
ecoli70,1000,6,fixed_c8,0.8142857142857143,0.7571428571428571,0.171875,20.0,53.0,11.0,17.0,64.0
ecoli70,1000,7,code2022_buggy,0.8142857142857143,0.5142857142857142,0.2,35.0,36.0,9.0,34.0,45.0
ecoli70,1000,7,code2022_signfixed,0.8142857142857143,0.7285714285714285,0.23880597014925373,26.0,51.0,16.0,19.0,67.0
ecoli70,1000,7,fixed_c1,0.8142857142857143,0.7571428571428571,0.345679012345679,35.0,53.0,28.0,17.0,81.0
ecoli70,1000,7,fixed_c2,0.8142857142857143,0.7571428571428571,0.2638888888888889,26.0,53.0,19.0,17.0,72.0
ecoli70,1000,7,fixed_c3,0.8142857142857143,0.7571428571428571,0.2318840579710145,23.0,53.0,16.0,17.0,69.0
ecoli70,1000,7,fixed_c4,0.8142857142857143,0.7571428571428571,0.208955223880597,22.0,53.0,14.0,17.0,67.0
ecoli70,1000,7,fixed_c5,0.8142857142857143,0.7571428571428571,0.208955223880597,22.0,53.0,14.0,17.0,67.0
ecoli70,1000,7,fixed_c6,0.8142857142857143,0.7571428571428571,0.208955223880597,22.0,53.0,14.0,17.0,67.0
ecoli70,1000,7,fixed_c8,0.8142857142857143,0.7571428571428571,0.19696969696969696,21.0,53.0,13.0,17.0,66.0
ecoli70,1000,8,code2022_buggy,0.8,0.5142857142857142,0.21739130434782608,37.0,36.0,10.0,34.0,46.0
ecoli70,1000,8,code2022_signfixed,0.8,0.7285714285714285,0.25,26.0,51.0,17.0,19.0,68.0
ecoli70,1000,8,fixed_c1,0.8,0.7428571428571429,0.3953488372093023,41.0,52.0,34.0,18.0,86.0
ecoli70,1000,8,fixed_c2,0.8,0.7428571428571429,0.2676056338028169,27.0,52.0,19.0,18.0,71.0
ecoli70,1000,8,fixed_c3,0.8,0.7428571428571429,0.22388059701492538,23.0,52.0,15.0,18.0,67.0
ecoli70,1000,8,fixed_c4,0.8,0.7428571428571429,0.1875,21.0,52.0,12.0,18.0,64.0
ecoli70,1000,8,fixed_c5,0.8,0.7428571428571429,0.1875,21.0,52.0,12.0,18.0,64.0
ecoli70,1000,8,fixed_c6,0.8,0.7428571428571429,0.1875,21.0,52.0,12.0,18.0,64.0
ecoli70,1000,8,fixed_c8,0.8,0.7428571428571429,0.1746031746031746,20.0,52.0,11.0,18.0,63.0
ecoli70,1000,9,code2022_buggy,0.7714285714285715,0.5142857142857142,0.16279069767441862,34.0,36.0,7.0,34.0,43.0
ecoli70,1000,9,code2022_signfixed,0.7714285714285715,0.7142857142857143,0.21875,24.0,50.0,14.0,20.0,64.0
ecoli70,1000,9,fixed_c1,0.7714285714285715,0.7285714285714285,0.42696629213483145,44.0,51.0,38.0,19.0,89.0
ecoli70,1000,9,fixed_c2,0.7714285714285715,0.7285714285714285,0.2916666666666667,28.0,51.0,21.0,19.0,72.0
ecoli70,1000,9,fixed_c3,0.7714285714285715,0.7285714285714285,0.2714285714285714,26.0,51.0,19.0,19.0,70.0
ecoli70,1000,9,fixed_c4,0.7714285714285715,0.7285714285714285,0.25,24.0,51.0,17.0,19.0,68.0
ecoli70,1000,9,fixed_c5,0.7714285714285715,0.7285714285714285,0.23880597014925373,23.0,51.0,16.0,19.0,67.0
ecoli70,1000,9,fixed_c6,0.7714285714285715,0.7285714285714285,0.22727272727272727,22.0,51.0,15.0,19.0,66.0
ecoli70,1000,9,fixed_c8,0.7714285714285715,0.7285714285714285,0.22727272727272727,22.0,51.0,15.0,19.0,66.0
ecoli70,300,0,code2022_buggy,0.7285714285714285,0.4714285714285714,0.25,40.0,33.0,11.0,37.0,44.0
ecoli70,300,0,code2022_signfixed,0.7285714285714285,0.6571428571428571,0.23333333333333334,28.0,46.0,14.0,24.0,60.0
ecoli70,300,0,fixed_c1,0.7285714285714285,0.6857142857142857,0.37662337662337664,41.0,48.0,29.0,22.0,77.0
ecoli70,300,0,fixed_c2,0.7285714285714285,0.6857142857142857,0.2727272727272727,31.0,48.0,18.0,22.0,66.0
ecoli70,300,0,fixed_c3,0.7285714285714285,0.6857142857142857,0.21311475409836064,26.0,48.0,13.0,22.0,61.0
ecoli70,300,0,fixed_c4,0.7285714285714285,0.6857142857142857,0.2,25.0,48.0,12.0,22.0,60.0
ecoli70,300,0,fixed_c5,0.7285714285714285,0.6857142857142857,0.2,25.0,48.0,12.0,22.0,60.0
ecoli70,300,0,fixed_c6,0.7285714285714285,0.6714285714285714,0.2033898305084746,26.0,47.0,12.0,23.0,59.0
ecoli70,300,0,fixed_c8,0.7285714285714285,0.6285714285714286,0.2,28.0,44.0,11.0,26.0,55.0
ecoli70,300,1,code2022_buggy,0.7428571428571429,0.4714285714285714,0.15384615384615385,37.0,33.0,6.0,37.0,39.0
ecoli70,300,1,code2022_signfixed,0.7428571428571429,0.6285714285714286,0.2413793103448276,30.0,44.0,14.0,26.0,58.0
ecoli70,300,1,fixed_c1,0.7428571428571429,0.7,0.3717948717948718,39.0,49.0,29.0,21.0,78.0
ecoli70,300,1,fixed_c2,0.7428571428571429,0.7,0.3,32.0,49.0,21.0,21.0,70.0
ecoli70,300,1,fixed_c3,0.7428571428571429,0.7,0.20967741935483872,24.0,49.0,13.0,21.0,62.0
ecoli70,300,1,fixed_c4,0.7428571428571429,0.6714285714285714,0.2033898305084746,26.0,47.0,12.0,23.0,59.0
ecoli70,300,1,fixed_c5,0.7428571428571429,0.6714285714285714,0.1896551724137931,25.0,47.0,11.0,23.0,58.0
ecoli70,300,1,fixed_c6,0.7428571428571429,0.6714285714285714,0.1896551724137931,25.0,47.0,11.0,23.0,58.0
ecoli70,300,1,fixed_c8,0.7428571428571429,0.6571428571428571,0.19298245614035087,26.0,46.0,11.0,24.0,57.0
ecoli70,300,2,code2022_buggy,0.7428571428571429,0.4714285714285714,0.175,38.0,33.0,7.0,37.0,40.0
ecoli70,300,2,code2022_signfixed,0.7428571428571429,0.6428571428571429,0.19642857142857142,28.0,45.0,11.0,25.0,56.0
ecoli70,300,2,fixed_c1,0.7428571428571429,0.6857142857142857,0.43529411764705883,48.0,48.0,37.0,22.0,85.0
ecoli70,300,2,fixed_c2,0.7428571428571429,0.6857142857142857,0.2727272727272727,31.0,48.0,18.0,22.0,66.0
ecoli70,300,2,fixed_c3,0.7428571428571429,0.6714285714285714,0.25396825396825395,30.0,47.0,16.0,23.0,63.0
ecoli70,300,2,fixed_c4,0.7428571428571429,0.6714285714285714,0.24193548387096775,29.0,47.0,15.0,23.0,62.0
ecoli70,300,2,fixed_c5,0.7428571428571429,0.6571428571428571,0.2459016393442623,30.0,46.0,15.0,24.0,61.0
ecoli70,300,2,fixed_c6,0.7428571428571429,0.6571428571428571,0.22033898305084745,28.0,46.0,13.0,24.0,59.0
ecoli70,300,2,fixed_c8,0.7428571428571429,0.6571428571428571,0.20689655172413793,27.0,46.0,12.0,24.0,58.0
ecoli70,300,3,code2022_buggy,0.7285714285714285,0.4714285714285714,0.175,38.0,33.0,7.0,37.0,40.0
ecoli70,300,3,code2022_signfixed,0.7285714285714285,0.6142857142857143,0.21818181818181817,29.0,43.0,12.0,27.0,55.0
ecoli70,300,3,fixed_c1,0.7285714285714285,0.6571428571428571,0.43209876543209874,48.0,46.0,35.0,24.0,81.0
ecoli70,300,3,fixed_c2,0.7285714285714285,0.6571428571428571,0.2698412698412698,31.0,46.0,17.0,24.0,63.0
ecoli70,300,3,fixed_c3,0.7285714285714285,0.6285714285714286,0.2542372881355932,31.0,44.0,15.0,26.0,59.0
ecoli70,300,3,fixed_c4,0.7285714285714285,0.6285714285714286,0.2413793103448276,30.0,44.0,14.0,26.0,58.0
ecoli70,300,3,fixed_c5,0.7285714285714285,0.6285714285714286,0.2413793103448276,30.0,44.0,14.0,26.0,58.0
ecoli70,300,3,fixed_c6,0.7285714285714285,0.6285714285714286,0.2413793103448276,30.0,44.0,14.0,26.0,58.0
ecoli70,300,3,fixed_c8,0.7285714285714285,0.6285714285714286,0.2413793103448276,30.0,44.0,14.0,26.0,58.0
ecoli70,300,4,code2022_buggy,0.7142857142857143,0.4714285714285714,0.175,37.0,33.0,7.0,37.0,40.0
ecoli70,300,4,code2022_signfixed,0.7142857142857143,0.6428571428571429,0.22413793103448276,28.0,45.0,13.0,25.0,58.0
ecoli70,300,4,fixed_c1,0.7142857142857143,0.7,0.40963855421686746,45.0,49.0,34.0,21.0,83.0
ecoli70,300,4,fixed_c2,0.7142857142857143,0.7,0.33783783783783783,37.0,49.0,25.0,21.0,74.0
ecoli70,300,4,fixed_c3,0.7142857142857143,0.7,0.25757575757575757,29.0,49.0,17.0,21.0,66.0
ecoli70,300,4,fixed_c4,0.7142857142857143,0.6857142857142857,0.21311475409836064,26.0,48.0,13.0,22.0,61.0
ecoli70,300,4,fixed_c5,0.7142857142857143,0.6857142857142857,0.1864406779661017,24.0,48.0,11.0,22.0,59.0
ecoli70,300,4,fixed_c6,0.7142857142857143,0.6714285714285714,0.1896551724137931,25.0,47.0,11.0,23.0,58.0
ecoli70,300,4,fixed_c8,0.7142857142857143,0.6714285714285714,0.17543859649122806,25.0,47.0,10.0,23.0,57.0
ecoli70,300,5,code2022_buggy,0.6857142857142857,0.44285714285714284,0.24390243902439024,42.0,31.0,10.0,39.0,41.0
ecoli70,300,5,code2022_signfixed,0.6857142857142857,0.5857142857142857,0.32786885245901637,37.0,41.0,20.0,29.0,61.0
ecoli70,300,5,fixed_c1,0.6857142857142857,0.6142857142857143,0.4342105263157895,48.0,43.0,33.0,27.0,76.0
ecoli70,300,5,fixed_c2,0.6857142857142857,0.6142857142857143,0.36764705882352944,40.0,43.0,25.0,27.0,68.0
ecoli70,300,5,fixed_c3,0.6857142857142857,0.6142857142857143,0.3064516129032258,34.0,43.0,19.0,27.0,62.0
ecoli70,300,5,fixed_c4,0.6857142857142857,0.6142857142857143,0.29508196721311475,33.0,43.0,18.0,27.0,61.0
ecoli70,300,5,fixed_c5,0.6857142857142857,0.5857142857142857,0.3050847457627119,35.0,41.0,18.0,29.0,59.0
ecoli70,300,5,fixed_c6,0.6857142857142857,0.5857142857142857,0.3050847457627119,35.0,41.0,18.0,29.0,59.0
ecoli70,300,5,fixed_c8,0.6857142857142857,0.5714285714285714,0.2982456140350877,35.0,40.0,17.0,30.0,57.0
ecoli70,300,6,code2022_buggy,0.7285714285714285,0.4857142857142857,0.17073170731707318,37.0,34.0,7.0,36.0,41.0
ecoli70,300,6,code2022_signfixed,0.7285714285714285,0.6571428571428571,0.22033898305084745,28.0,46.0,13.0,24.0,59.0
ecoli70,300,6,fixed_c1,0.7285714285714285,0.7,0.3466666666666667,35.0,49.0,26.0,21.0,75.0
ecoli70,300,6,fixed_c2,0.7285714285714285,0.7,0.25757575757575757,28.0,49.0,17.0,21.0,66.0
ecoli70,300,6,fixed_c3,0.7285714285714285,0.7,0.234375,26.0,49.0,15.0,21.0,64.0
ecoli70,300,6,fixed_c4,0.7285714285714285,0.7,0.18333333333333332,24.0,49.0,11.0,21.0,60.0
ecoli70,300,6,fixed_c5,0.7285714285714285,0.7,0.18333333333333332,24.0,49.0,11.0,21.0,60.0
ecoli70,300,6,fixed_c6,0.7285714285714285,0.6714285714285714,0.1896551724137931,26.0,47.0,11.0,23.0,58.0
ecoli70,300,6,fixed_c8,0.7285714285714285,0.6428571428571429,0.18181818181818182,27.0,45.0,10.0,25.0,55.0
ecoli70,300,7,code2022_buggy,0.7285714285714285,0.42857142857142855,0.25,42.0,30.0,10.0,40.0,40.0
ecoli70,300,7,code2022_signfixed,0.7285714285714285,0.6428571428571429,0.23728813559322035,30.0,45.0,14.0,25.0,59.0
ecoli70,300,7,fixed_c1,0.7285714285714285,0.6857142857142857,0.42168674698795183,48.0,48.0,35.0,22.0,83.0
ecoli70,300,7,fixed_c2,0.7285714285714285,0.6857142857142857,0.36,40.0,48.0,27.0,22.0,75.0
ecoli70,300,7,fixed_c3,0.7285714285714285,0.6857142857142857,0.23809523809523808,28.0,48.0,15.0,22.0,63.0
ecoli70,300,7,fixed_c4,0.7285714285714285,0.6714285714285714,0.21666666666666667,28.0,47.0,13.0,23.0,60.0
ecoli70,300,7,fixed_c5,0.7285714285714285,0.6571428571428571,0.22033898305084745,29.0,46.0,13.0,24.0,59.0
ecoli70,300,7,fixed_c6,0.7285714285714285,0.6571428571428571,0.20689655172413793,28.0,46.0,12.0,24.0,58.0
ecoli70,300,7,fixed_c8,0.7285714285714285,0.6571428571428571,0.19298245614035087,28.0,46.0,11.0,24.0,57.0
ecoli70,300,8,code2022_buggy,0.7142857142857143,0.42857142857142855,0.2682926829268293,44.0,30.0,11.0,40.0,41.0
ecoli70,300,8,code2022_signfixed,0.7142857142857143,0.5857142857142857,0.31666666666666665,37.0,41.0,19.0,29.0,60.0
ecoli70,300,8,fixed_c1,0.7142857142857143,0.6285714285714286,0.4883720930232558,56.0,44.0,42.0,26.0,86.0
ecoli70,300,8,fixed_c2,0.7142857142857143,0.6285714285714286,0.3888888888888889,44.0,44.0,28.0,26.0,72.0
ecoli70,300,8,fixed_c3,0.7142857142857143,0.6285714285714286,0.37142857142857144,42.0,44.0,26.0,26.0,70.0
ecoli70,300,8,fixed_c4,0.7142857142857143,0.6285714285714286,0.3230769230769231,37.0,44.0,21.0,26.0,65.0
ecoli70,300,8,fixed_c5,0.7142857142857143,0.6285714285714286,0.3230769230769231,37.0,44.0,21.0,26.0,65.0
ecoli70,300,8,fixed_c6,0.7142857142857143,0.6285714285714286,0.3125,36.0,44.0,20.0,26.0,64.0
ecoli70,300,8,fixed_c8,0.7142857142857143,0.5714285714285714,0.2982456140350877,37.0,40.0,17.0,30.0,57.0
ecoli70,300,9,code2022_buggy,0.6714285714285714,0.45714285714285713,0.23809523809523808,41.0,32.0,10.0,38.0,42.0
ecoli70,300,9,code2022_signfixed,0.6714285714285714,0.6142857142857143,0.23214285714285715,29.0,43.0,13.0,27.0,56.0
ecoli70,300,9,fixed_c1,0.6714285714285714,0.6571428571428571,0.43902439024390244,47.0,46.0,36.0,24.0,82.0
ecoli70,300,9,fixed_c2,0.6714285714285714,0.6571428571428571,0.38666666666666666,40.0,46.0,29.0,24.0,75.0
ecoli70,300,9,fixed_c3,0.6714285714285714,0.6571428571428571,0.34285714285714286,36.0,46.0,24.0,24.0,70.0
ecoli70,300,9,fixed_c4,0.6714285714285714,0.6428571428571429,0.3076923076923077,34.0,45.0,20.0,25.0,65.0
ecoli70,300,9,fixed_c5,0.6714285714285714,0.6142857142857143,0.2711864406779661,33.0,43.0,16.0,27.0,59.0
ecoli70,300,9,fixed_c6,0.6714285714285714,0.6142857142857143,0.24561403508771928,31.0,43.0,14.0,27.0,57.0
ecoli70,300,9,fixed_c8,0.6714285714285714,0.6142857142857143,0.23214285714285715,30.0,43.0,13.0,27.0,56.0
magic-irri,1000,0,code2022_buggy,0.7843137254901961,0.3333333333333333,0.30612244897959184,73.0,34.0,15.0,68.0,49.0
magic-irri,1000,0,code2022_signfixed,0.7843137254901961,0.6470588235294118,0.23255813953488372,41.0,66.0,20.0,36.0,86.0
magic-irri,1000,0,fixed_c1,0.7843137254901961,0.7254901960784313,0.3148148148148148,46.0,74.0,34.0,28.0,108.0
magic-irri,1000,0,fixed_c2,0.7843137254901961,0.6666666666666666,0.29896907216494845,47.0,68.0,29.0,34.0,97.0
magic-irri,1000,0,fixed_c3,0.7843137254901961,0.6176470588235294,0.2222222222222222,43.0,63.0,18.0,39.0,81.0
magic-irri,1000,0,fixed_c4,0.7843137254901961,0.5882352941176471,0.22077922077922077,45.0,60.0,17.0,42.0,77.0
magic-irri,1000,0,fixed_c5,0.7843137254901961,0.5294117647058824,0.20588235294117646,49.0,54.0,14.0,48.0,68.0
magic-irri,1000,0,fixed_c6,0.7843137254901961,0.5,0.2153846153846154,52.0,51.0,14.0,51.0,65.0
magic-irri,1000,0,fixed_c8,0.7843137254901961,0.37254901960784315,0.2549019607843137,65.0,38.0,13.0,64.0,51.0
magic-irri,1000,1,code2022_buggy,0.8529411764705882,0.37254901960784315,0.17391304347826086,65.0,38.0,8.0,64.0,46.0
magic-irri,1000,1,code2022_signfixed,0.8529411764705882,0.6666666666666666,0.1282051282051282,35.0,68.0,10.0,34.0,78.0
magic-irri,1000,1,fixed_c1,0.8529411764705882,0.7450980392156863,0.2830188679245283,46.0,76.0,30.0,26.0,106.0
magic-irri,1000,1,fixed_c2,0.8529411764705882,0.7156862745098039,0.1797752808988764,35.0,73.0,16.0,29.0,89.0
magic-irri,1000,1,fixed_c3,0.8529411764705882,0.6764705882352942,0.12658227848101267,34.0,69.0,10.0,33.0,79.0
magic-irri,1000,1,fixed_c4,0.8529411764705882,0.5980392156862745,0.12857142857142856,42.0,61.0,9.0,41.0,70.0
magic-irri,1000,1,fixed_c5,0.8529411764705882,0.5882352941176471,0.13043478260869565,43.0,60.0,9.0,42.0,69.0
magic-irri,1000,1,fixed_c6,0.8529411764705882,0.5490196078431373,0.13846153846153847,47.0,56.0,9.0,46.0,65.0
magic-irri,1000,1,fixed_c8,0.8529411764705882,0.4215686274509804,0.14,59.0,43.0,7.0,59.0,50.0
magic-irri,1000,2,code2022_buggy,0.7745098039215687,0.3333333333333333,0.24444444444444444,71.0,34.0,11.0,68.0,45.0
magic-irri,1000,2,code2022_signfixed,0.7745098039215687,0.5980392156862745,0.2375,49.0,61.0,19.0,41.0,80.0
magic-irri,1000,2,fixed_c1,0.7745098039215687,0.6666666666666666,0.39823008849557523,67.0,68.0,45.0,34.0,113.0
magic-irri,1000,2,fixed_c2,0.7745098039215687,0.6470588235294118,0.25,46.0,66.0,22.0,36.0,88.0
magic-irri,1000,2,fixed_c3,0.7745098039215687,0.5588235294117647,0.22972972972972974,51.0,57.0,17.0,45.0,74.0
magic-irri,1000,2,fixed_c4,0.7745098039215687,0.5294117647058824,0.21739130434782608,52.0,54.0,15.0,48.0,69.0
magic-irri,1000,2,fixed_c5,0.7745098039215687,0.5098039215686274,0.22388059701492538,54.0,52.0,15.0,50.0,67.0
magic-irri,1000,2,fixed_c6,0.7745098039215687,0.47058823529411764,0.22580645161290322,57.0,48.0,14.0,54.0,62.0
magic-irri,1000,2,fixed_c8,0.7745098039215687,0.37254901960784315,0.20833333333333334,65.0,38.0,10.0,64.0,48.0
magic-irri,1000,3,code2022_buggy,0.9117647058823529,0.39215686274509803,0.13043478260869565,65.0,40.0,6.0,62.0,46.0
magic-irri,1000,3,code2022_signfixed,0.9117647058823529,0.7058823529411765,0.1,33.0,72.0,8.0,30.0,80.0
magic-irri,1000,3,fixed_c1,0.9117647058823529,0.7843137254901961,0.16666666666666666,32.0,80.0,16.0,22.0,96.0
magic-irri,1000,3,fixed_c2,0.9117647058823529,0.7156862745098039,0.1511627906976744,36.0,73.0,13.0,29.0,86.0
magic-irri,1000,3,fixed_c3,0.9117647058823529,0.6764705882352942,0.11538461538461539,37.0,69.0,9.0,33.0,78.0
magic-irri,1000,3,fixed_c4,0.9117647058823529,0.6078431372549019,0.08823529411764706,42.0,62.0,6.0,40.0,68.0
magic-irri,1000,3,fixed_c5,0.9117647058823529,0.5686274509803921,0.09375,46.0,58.0,6.0,44.0,64.0
magic-irri,1000,3,fixed_c6,0.9117647058823529,0.5098039215686274,0.08771929824561403,51.0,52.0,5.0,50.0,57.0
magic-irri,1000,3,fixed_c8,0.9117647058823529,0.39215686274509803,0.09090909090909091,62.0,40.0,4.0,62.0,44.0
magic-irri,1000,4,code2022_buggy,0.7745098039215687,0.37254901960784315,0.11627906976744186,64.0,38.0,5.0,64.0,43.0
magic-irri,1000,4,code2022_signfixed,0.7745098039215687,0.6176470588235294,0.17105263157894737,40.0,63.0,13.0,39.0,76.0
magic-irri,1000,4,fixed_c1,0.7745098039215687,0.696078431372549,0.2755102040816326,46.0,71.0,27.0,31.0,98.0
magic-irri,1000,4,fixed_c2,0.7745098039215687,0.6764705882352942,0.19767441860465115,38.0,69.0,17.0,33.0,86.0
magic-irri,1000,4,fixed_c3,0.7745098039215687,0.6176470588235294,0.16,40.0,63.0,12.0,39.0,75.0
magic-irri,1000,4,fixed_c4,0.7745098039215687,0.5196078431372549,0.15873015873015872,49.0,53.0,10.0,49.0,63.0
magic-irri,1000,4,fixed_c5,0.7745098039215687,0.4411764705882353,0.18181818181818182,57.0,45.0,10.0,57.0,55.0
magic-irri,1000,4,fixed_c6,0.7745098039215687,0.4215686274509804,0.18867924528301888,59.0,43.0,10.0,59.0,53.0
magic-irri,1000,4,fixed_c8,0.7745098039215687,0.38235294117647056,0.20408163265306123,63.0,39.0,10.0,63.0,49.0
magic-irri,1000,5,code2022_buggy,0.8725490196078431,0.39215686274509803,0.14893617021276595,64.0,40.0,7.0,62.0,47.0
magic-irri,1000,5,code2022_signfixed,0.8725490196078431,0.7352941176470589,0.11764705882352941,32.0,75.0,10.0,27.0,85.0
magic-irri,1000,5,fixed_c1,0.8725490196078431,0.7941176470588235,0.21359223300970873,38.0,81.0,22.0,21.0,103.0
magic-irri,1000,5,fixed_c2,0.8725490196078431,0.7647058823529411,0.1702127659574468,35.0,78.0,16.0,24.0,94.0
magic-irri,1000,5,fixed_c3,0.8725490196078431,0.7254901960784313,0.0975609756097561,31.0,74.0,8.0,28.0,82.0
magic-irri,1000,5,fixed_c4,0.8725490196078431,0.6568627450980392,0.0945945945945946,37.0,67.0,7.0,35.0,74.0
magic-irri,1000,5,fixed_c5,0.8725490196078431,0.5490196078431373,0.0967741935483871,47.0,56.0,6.0,46.0,62.0
magic-irri,1000,5,fixed_c6,0.8725490196078431,0.5196078431372549,0.1016949152542373,50.0,53.0,6.0,49.0,59.0
magic-irri,1000,5,fixed_c8,0.8725490196078431,0.47058823529411764,0.09433962264150944,55.0,48.0,5.0,54.0,53.0
magic-irri,300,0,code2022_buggy,0.7058823529411765,0.21568627450980393,0.2413793103448276,82.0,22.0,7.0,80.0,29.0
magic-irri,300,0,code2022_signfixed,0.7058823529411765,0.3431372549019608,0.2222222222222222,69.0,35.0,10.0,67.0,45.0
magic-irri,300,0,fixed_c1,0.7058823529411765,0.4019607843137255,0.4057971014492754,80.0,41.0,28.0,61.0,69.0
magic-irri,300,0,fixed_c2,0.7058823529411765,0.38235294117647056,0.3275862068965517,74.0,39.0,19.0,63.0,58.0
magic-irri,300,0,fixed_c3,0.7058823529411765,0.35294117647058826,0.16279069767441862,66.0,36.0,7.0,66.0,43.0
magic-irri,300,0,fixed_c4,0.7058823529411765,0.3137254901960784,0.1794871794871795,70.0,32.0,7.0,70.0,39.0
magic-irri,300,0,fixed_c5,0.7058823529411765,0.27450980392156865,0.2,74.0,28.0,7.0,74.0,35.0
magic-irri,300,0,fixed_c6,0.7058823529411765,0.24509803921568626,0.21875,77.0,25.0,7.0,77.0,32.0
magic-irri,300,0,fixed_c8,0.7058823529411765,0.22549019607843138,0.23333333333333334,79.0,23.0,7.0,79.0,30.0
magic-irri,300,1,code2022_buggy,0.5980392156862745,0.18627450980392157,0.2692307692307692,83.0,19.0,7.0,83.0,26.0
magic-irri,300,1,code2022_signfixed,0.5980392156862745,0.3137254901960784,0.2727272727272727,72.0,32.0,12.0,70.0,44.0
magic-irri,300,1,fixed_c1,0.5980392156862745,0.4117647058823529,0.373134328358209,73.0,42.0,25.0,60.0,67.0
magic-irri,300,1,fixed_c2,0.5980392156862745,0.3431372549019608,0.2553191489361702,69.0,35.0,12.0,67.0,47.0
magic-irri,300,1,fixed_c3,0.5980392156862745,0.2647058823529412,0.25,75.0,27.0,9.0,75.0,36.0
magic-irri,300,1,fixed_c4,0.5980392156862745,0.22549019607843138,0.28125,79.0,23.0,9.0,79.0,32.0
magic-irri,300,1,fixed_c5,0.5980392156862745,0.20588235294117646,0.3,81.0,21.0,9.0,81.0,30.0
magic-irri,300,1,fixed_c6,0.5980392156862745,0.17647058823529413,0.3333333333333333,84.0,18.0,9.0,84.0,27.0
magic-irri,300,1,fixed_c8,0.5980392156862745,0.16666666666666666,0.34615384615384615,85.0,17.0,9.0,85.0,26.0
magic-irri,300,2,code2022_buggy,0.6666666666666666,0.17647058823529413,0.28,86.0,18.0,7.0,84.0,25.0
magic-irri,300,2,code2022_signfixed,0.6666666666666666,0.3333333333333333,0.20930232558139536,70.0,34.0,9.0,68.0,43.0
magic-irri,300,2,fixed_c1,0.6666666666666666,0.39215686274509803,0.2982456140350877,71.0,40.0,17.0,62.0,57.0
magic-irri,300,2,fixed_c2,0.6666666666666666,0.3627450980392157,0.26,71.0,37.0,13.0,65.0,50.0
magic-irri,300,2,fixed_c3,0.6666666666666666,0.3235294117647059,0.15384615384615385,69.0,33.0,6.0,69.0,39.0
magic-irri,300,2,fixed_c4,0.6666666666666666,0.30392156862745096,0.16216216216216217,71.0,31.0,6.0,71.0,37.0
magic-irri,300,2,fixed_c5,0.6666666666666666,0.30392156862745096,0.16216216216216217,71.0,31.0,6.0,71.0,37.0
magic-irri,300,2,fixed_c6,0.6666666666666666,0.24509803921568626,0.1935483870967742,77.0,25.0,6.0,77.0,31.0
magic-irri,300,2,fixed_c8,0.6666666666666666,0.24509803921568626,0.1935483870967742,77.0,25.0,6.0,77.0,31.0
magic-irri,300,3,code2022_buggy,0.7058823529411765,0.19607843137254902,0.2857142857142857,84.0,20.0,8.0,82.0,28.0
magic-irri,300,3,code2022_signfixed,0.7058823529411765,0.3137254901960784,0.23809523809523808,72.0,32.0,10.0,70.0,42.0
magic-irri,300,3,fixed_c1,0.7058823529411765,0.35294117647058826,0.3684210526315789,79.0,36.0,21.0,66.0,57.0
magic-irri,300,3,fixed_c2,0.7058823529411765,0.3333333333333333,0.2916666666666667,74.0,34.0,14.0,68.0,48.0
magic-irri,300,3,fixed_c3,0.7058823529411765,0.2647058823529412,0.25,76.0,27.0,9.0,75.0,36.0
magic-irri,300,3,fixed_c4,0.7058823529411765,0.2549019607843137,0.2571428571428571,77.0,26.0,9.0,76.0,35.0
magic-irri,300,3,fixed_c5,0.7058823529411765,0.2549019607843137,0.2571428571428571,77.0,26.0,9.0,76.0,35.0
magic-irri,300,3,fixed_c6,0.7058823529411765,0.21568627450980393,0.2903225806451613,81.0,22.0,9.0,80.0,31.0
magic-irri,300,3,fixed_c8,0.7058823529411765,0.19607843137254902,0.3103448275862069,83.0,20.0,9.0,82.0,29.0
magic-irri,300,4,code2022_buggy,0.5588235294117647,0.17647058823529413,0.4,86.0,18.0,12.0,84.0,30.0
magic-irri,300,4,code2022_signfixed,0.5588235294117647,0.29411764705882354,0.3617021276595745,74.0,30.0,17.0,72.0,47.0
magic-irri,300,4,fixed_c1,0.5588235294117647,0.35294117647058826,0.4375,79.0,36.0,28.0,66.0,64.0
magic-irri,300,4,fixed_c2,0.5588235294117647,0.29411764705882354,0.4,77.0,30.0,20.0,72.0,50.0
magic-irri,300,4,fixed_c3,0.5588235294117647,0.27450980392156865,0.3,74.0,28.0,12.0,74.0,40.0
magic-irri,300,4,fixed_c4,0.5588235294117647,0.27450980392156865,0.3,74.0,28.0,12.0,74.0,40.0
magic-irri,300,4,fixed_c5,0.5588235294117647,0.2549019607843137,0.3157894736842105,76.0,26.0,12.0,76.0,38.0
magic-irri,300,4,fixed_c6,0.5588235294117647,0.22549019607843138,0.30303030303030304,79.0,23.0,10.0,79.0,33.0
magic-irri,300,4,fixed_c8,0.5588235294117647,0.17647058823529413,0.35714285714285715,84.0,18.0,10.0,84.0,28.0
magic-irri,300,5,code2022_buggy,0.5686274509803921,0.19607843137254902,0.2857142857142857,82.0,20.0,8.0,82.0,28.0
magic-irri,300,5,code2022_signfixed,0.5686274509803921,0.29411764705882354,0.3181818181818182,74.0,30.0,14.0,72.0,44.0
magic-irri,300,5,fixed_c1,0.5686274509803921,0.4215686274509804,0.410958904109589,77.0,43.0,30.0,59.0,73.0
magic-irri,300,5,fixed_c2,0.5686274509803921,0.3431372549019608,0.35185185185185186,75.0,35.0,19.0,67.0,54.0
magic-irri,300,5,fixed_c3,0.5686274509803921,0.2647058823529412,0.34146341463414637,78.0,27.0,14.0,75.0,41.0
magic-irri,300,5,fixed_c4,0.5686274509803921,0.2647058823529412,0.3076923076923077,76.0,27.0,12.0,75.0,39.0
magic-irri,300,5,fixed_c5,0.5686274509803921,0.24509803921568626,0.32432432432432434,78.0,25.0,12.0,77.0,37.0
magic-irri,300,5,fixed_c6,0.5686274509803921,0.23529411764705882,0.3333333333333333,79.0,24.0,12.0,78.0,36.0
magic-irri,300,5,fixed_c8,0.5686274509803921,0.21568627450980393,0.3333333333333333,81.0,22.0,11.0,80.0,33.0
magic-irri,300,7,code2022_buggy,0.7843137254901961,0.22549019607843138,0.25806451612903225,83.0,23.0,8.0,79.0,31.0
magic-irri,300,7,code2022_signfixed,0.7843137254901961,0.4019607843137255,0.19607843137254902,65.0,41.0,10.0,61.0,51.0
magic-irri,300,7,fixed_c1,0.7843137254901961,0.4117647058823529,0.36363636363636365,78.0,42.0,24.0,60.0,66.0
magic-irri,300,7,fixed_c2,0.7843137254901961,0.38235294117647056,0.2777777777777778,72.0,39.0,15.0,63.0,54.0
magic-irri,300,7,fixed_c3,0.7843137254901961,0.3333333333333333,0.22727272727272727,72.0,34.0,10.0,68.0,44.0
magic-irri,300,7,fixed_c4,0.7843137254901961,0.29411764705882354,0.23076923076923078,75.0,30.0,9.0,72.0,39.0
magic-irri,300,7,fixed_c5,0.7843137254901961,0.2647058823529412,0.25,78.0,27.0,9.0,75.0,36.0
magic-irri,300,7,fixed_c6,0.7843137254901961,0.2549019607843137,0.21212121212121213,77.0,26.0,7.0,76.0,33.0
magic-irri,300,7,fixed_c8,0.7843137254901961,0.22549019607843138,0.23333333333333334,80.0,23.0,7.0,79.0,30.0
magic-irri,300,8,code2022_buggy,0.5784313725490197,0.1568627450980392,0.3333333333333333,87.0,16.0,8.0,86.0,24.0
magic-irri,300,8,code2022_signfixed,0.5784313725490197,0.27450980392156865,0.3,75.0,28.0,12.0,74.0,40.0
magic-irri,300,8,fixed_c1,0.5784313725490197,0.39215686274509803,0.4444444444444444,79.0,40.0,32.0,62.0,72.0
magic-irri,300,8,fixed_c2,0.5784313725490197,0.3627450980392157,0.3148148148148148,71.0,37.0,17.0,65.0,54.0
magic-irri,300,8,fixed_c3,0.5784313725490197,0.3235294117647059,0.25,70.0,33.0,11.0,69.0,44.0
magic-irri,300,8,fixed_c4,0.5784313725490197,0.24509803921568626,0.2857142857142857,77.0,25.0,10.0,77.0,35.0
magic-irri,300,8,fixed_c5,0.5784313725490197,0.22549019607843138,0.30303030303030304,79.0,23.0,10.0,79.0,33.0
magic-irri,300,8,fixed_c6,0.5784313725490197,0.20588235294117646,0.3225806451612903,81.0,21.0,10.0,81.0,31.0
magic-irri,300,8,fixed_c8,0.5784313725490197,0.18627450980392157,0.3448275862068966,83.0,19.0,10.0,83.0,29.0
magic-irri,300,9,code2022_buggy,0.5294117647058824,0.14705882352941177,0.4,88.0,15.0,10.0,87.0,25.0
magic-irri,300,9,code2022_signfixed,0.5294117647058824,0.2549019607843137,0.44680851063829785,81.0,26.0,21.0,76.0,47.0
magic-irri,300,9,fixed_c1,0.5294117647058824,0.3235294117647059,0.5285714285714286,87.0,33.0,37.0,69.0,70.0
magic-irri,300,9,fixed_c2,0.5294117647058824,0.3235294117647059,0.45901639344262296,80.0,33.0,28.0,69.0,61.0
magic-irri,300,9,fixed_c3,0.5294117647058824,0.2549019607843137,0.43478260869565216,80.0,26.0,20.0,76.0,46.0
magic-irri,300,9,fixed_c4,0.5294117647058824,0.22549019607843138,0.39473684210526316,80.0,23.0,15.0,79.0,38.0
magic-irri,300,9,fixed_c5,0.5294117647058824,0.20588235294117646,0.4166666666666667,82.0,21.0,15.0,81.0,36.0
magic-irri,300,9,fixed_c6,0.5294117647058824,0.20588235294117646,0.38235294117647056,82.0,21.0,13.0,81.0,34.0
magic-irri,300,9,fixed_c8,0.5294117647058824,0.19607843137254902,0.3939393939393939,83.0,20.0,13.0,82.0,33.0
magic-niab,1000,0,code2022_buggy,0.7424242424242424,0.48484848484848486,0.15789473684210525,35.0,32.0,6.0,34.0,38.0
magic-niab,1000,0,code2022_signfixed,0.7424242424242424,0.6818181818181818,0.26229508196721313,24.0,45.0,16.0,21.0,61.0
magic-niab,1000,0,fixed_c1,0.7424242424242424,0.696969696969697,0.31343283582089554,28.0,46.0,21.0,20.0,67.0
magic-niab,1000,0,fixed_c2,0.7424242424242424,0.6818181818181818,0.26229508196721313,24.0,45.0,16.0,21.0,61.0
magic-niab,1000,0,fixed_c3,0.7424242424242424,0.6666666666666666,0.2542372881355932,24.0,44.0,15.0,22.0,59.0
magic-niab,1000,0,fixed_c4,0.7424242424242424,0.6515151515151515,0.23214285714285715,23.0,43.0,13.0,23.0,56.0
magic-niab,1000,0,fixed_c5,0.7424242424242424,0.6212121212121212,0.22641509433962265,25.0,41.0,12.0,25.0,53.0
magic-niab,1000,0,fixed_c6,0.7424242424242424,0.5757575757575758,0.24,28.0,38.0,12.0,28.0,50.0
magic-niab,1000,0,fixed_c8,0.7424242424242424,0.4393939393939394,0.2926829268292683,37.0,29.0,12.0,37.0,41.0
magic-niab,1000,1,code2022_buggy,0.7424242424242424,0.4090909090909091,0.22857142857142856,39.0,27.0,8.0,39.0,35.0
magic-niab,1000,1,code2022_signfixed,0.7424242424242424,0.6666666666666666,0.2413793103448276,23.0,44.0,14.0,22.0,58.0
magic-niab,1000,1,fixed_c1,0.7424242424242424,0.696969696969697,0.352112676056338,30.0,46.0,25.0,20.0,71.0
magic-niab,1000,1,fixed_c2,0.7424242424242424,0.6818181818181818,0.296875,25.0,45.0,19.0,21.0,64.0
magic-niab,1000,1,fixed_c3,0.7424242424242424,0.6515151515151515,0.23214285714285715,24.0,43.0,13.0,23.0,56.0
magic-niab,1000,1,fixed_c4,0.7424242424242424,0.5757575757575758,0.22448979591836735,28.0,38.0,11.0,28.0,49.0
magic-niab,1000,1,fixed_c5,0.7424242424242424,0.5606060606060606,0.2127659574468085,29.0,37.0,10.0,29.0,47.0
magic-niab,1000,1,fixed_c6,0.7424242424242424,0.5151515151515151,0.20930232558139536,32.0,34.0,9.0,32.0,43.0
magic-niab,1000,1,fixed_c8,0.7424242424242424,0.42424242424242425,0.24324324324324326,38.0,28.0,9.0,38.0,37.0
magic-niab,1000,2,code2022_buggy,0.8939393939393939,0.4696969696969697,0.27906976744186046,42.0,31.0,12.0,35.0,43.0
magic-niab,1000,2,code2022_signfixed,0.8939393939393939,0.803030303030303,0.22058823529411764,21.0,53.0,15.0,13.0,68.0
magic-niab,1000,2,fixed_c1,0.8939393939393939,0.8636363636363636,0.2962962962962963,26.0,57.0,24.0,9.0,81.0
magic-niab,1000,2,fixed_c2,0.8939393939393939,0.8333333333333334,0.2028985507246377,18.0,55.0,14.0,11.0,69.0
magic-niab,1000,2,fixed_c3,0.8939393939393939,0.7878787878787878,0.14754098360655737,16.0,52.0,9.0,14.0,61.0
magic-niab,1000,2,fixed_c4,0.8939393939393939,0.7424242424242424,0.125,17.0,49.0,7.0,17.0,56.0
magic-niab,1000,2,fixed_c5,0.8939393939393939,0.6666666666666666,0.13725490196078433,22.0,44.0,7.0,22.0,51.0
magic-niab,1000,2,fixed_c6,0.8939393939393939,0.6212121212121212,0.14583333333333334,25.0,41.0,7.0,25.0,48.0
magic-niab,1000,2,fixed_c8,0.8939393939393939,0.4393939393939394,0.19444444444444445,37.0,29.0,7.0,37.0,36.0
magic-niab,1000,3,code2022_buggy,0.8484848484848485,0.4696969696969697,0.16216216216216217,37.0,31.0,6.0,35.0,37.0
magic-niab,1000,3,code2022_signfixed,0.8484848484848485,0.7424242424242424,0.1694915254237288,20.0,49.0,10.0,17.0,59.0
magic-niab,1000,3,fixed_c1,0.8484848484848485,0.7575757575757576,0.2857142857142857,29.0,50.0,20.0,16.0,70.0
magic-niab,1000,3,fixed_c2,0.8484848484848485,0.7424242424242424,0.1694915254237288,20.0,49.0,10.0,17.0,59.0
magic-niab,1000,3,fixed_c3,0.8484848484848485,0.7121212121212122,0.12962962962962962,19.0,47.0,7.0,19.0,54.0
magic-niab,1000,3,fixed_c4,0.8484848484848485,0.6515151515151515,0.14,23.0,43.0,7.0,23.0,50.0
magic-niab,1000,3,fixed_c5,0.8484848484848485,0.6060606060606061,0.13043478260869565,26.0,40.0,6.0,26.0,46.0
magic-niab,1000,3,fixed_c6,0.8484848484848485,0.5606060606060606,0.13953488372093023,29.0,37.0,6.0,29.0,43.0
magic-niab,1000,3,fixed_c8,0.8484848484848485,0.48484848484848486,0.15789473684210525,34.0,32.0,6.0,34.0,38.0
magic-niab,1000,4,code2022_buggy,0.8484848484848485,0.5,0.15384615384615385,34.0,33.0,6.0,33.0,39.0
magic-niab,1000,4,code2022_signfixed,0.8484848484848485,0.7878787878787878,0.1746031746031746,17.0,52.0,11.0,14.0,63.0
magic-niab,1000,4,fixed_c1,0.8484848484848485,0.7878787878787878,0.2571428571428571,24.0,52.0,18.0,14.0,70.0
magic-niab,1000,4,fixed_c2,0.8484848484848485,0.7878787878787878,0.2,19.0,52.0,13.0,14.0,65.0
magic-niab,1000,4,fixed_c3,0.8484848484848485,0.7727272727272727,0.1774193548387097,18.0,51.0,11.0,15.0,62.0
magic-niab,1000,4,fixed_c4,0.8484848484848485,0.7272727272727273,0.15789473684210525,19.0,48.0,9.0,18.0,57.0
magic-niab,1000,4,fixed_c5,0.8484848484848485,0.6818181818181818,0.1509433962264151,21.0,45.0,8.0,21.0,53.0
magic-niab,1000,4,fixed_c6,0.8484848484848485,0.6060606060606061,0.16666666666666666,26.0,40.0,8.0,26.0,48.0
magic-niab,1000,4,fixed_c8,0.8484848484848485,0.5,0.1951219512195122,33.0,33.0,8.0,33.0,41.0
magic-niab,1000,5,code2022_buggy,0.8333333333333334,0.48484848484848486,0.13513513513513514,36.0,32.0,5.0,34.0,37.0
magic-niab,1000,5,code2022_signfixed,0.8333333333333334,0.7575757575757576,0.1935483870967742,20.0,50.0,12.0,16.0,62.0
magic-niab,1000,5,fixed_c1,0.8333333333333334,0.7878787878787878,0.37349397590361444,37.0,52.0,31.0,14.0,83.0
magic-niab,1000,5,fixed_c2,0.8333333333333334,0.7727272727272727,0.23880597014925373,23.0,51.0,16.0,15.0,67.0
magic-niab,1000,5,fixed_c3,0.8333333333333334,0.7121212121212122,0.16071428571428573,20.0,47.0,9.0,19.0,56.0
magic-niab,1000,5,fixed_c4,0.8333333333333334,0.696969696969697,0.14814814814814814,20.0,46.0,8.0,20.0,54.0
magic-niab,1000,5,fixed_c5,0.8333333333333334,0.6515151515151515,0.1568627450980392,23.0,43.0,8.0,23.0,51.0
magic-niab,1000,5,fixed_c6,0.8333333333333334,0.5454545454545454,0.18181818181818182,30.0,36.0,8.0,30.0,44.0
magic-niab,1000,5,fixed_c8,0.8333333333333334,0.48484848484848486,0.1794871794871795,34.0,32.0,7.0,34.0,39.0
magic-niab,1000,6,code2022_buggy,0.9545454545454546,0.5606060606060606,0.075,30.0,37.0,3.0,29.0,40.0
magic-niab,1000,6,code2022_signfixed,0.9545454545454546,0.9090909090909091,0.11764705882352941,11.0,60.0,8.0,6.0,68.0
magic-niab,1000,6,fixed_c1,0.9545454545454546,0.9393939393939394,0.20512820512820512,17.0,62.0,16.0,4.0,78.0
magic-niab,1000,6,fixed_c2,0.9545454545454546,0.8939393939393939,0.11940298507462686,12.0,59.0,8.0,7.0,67.0
magic-niab,1000,6,fixed_c3,0.9545454545454546,0.8787878787878788,0.06451612903225806,9.0,58.0,4.0,8.0,62.0
magic-niab,1000,6,fixed_c4,0.9545454545454546,0.8333333333333334,0.05172413793103448,11.0,55.0,3.0,11.0,58.0
magic-niab,1000,6,fixed_c5,0.9545454545454546,0.7424242424242424,0.057692307692307696,17.0,49.0,3.0,17.0,52.0
magic-niab,1000,6,fixed_c6,0.9545454545454546,0.5909090909090909,0.07142857142857142,27.0,39.0,3.0,27.0,42.0
magic-niab,1000,6,fixed_c8,0.9545454545454546,0.48484848484848486,0.08571428571428572,34.0,32.0,3.0,34.0,35.0
magic-niab,1000,7,code2022_buggy,0.8636363636363636,0.48484848484848486,0.13513513513513514,34.0,32.0,5.0,34.0,37.0
magic-niab,1000,7,code2022_signfixed,0.8636363636363636,0.803030303030303,0.13114754098360656,14.0,53.0,8.0,13.0,61.0
magic-niab,1000,7,fixed_c1,0.8636363636363636,0.8636363636363636,0.22972972972972974,18.0,57.0,17.0,9.0,74.0
magic-niab,1000,7,fixed_c2,0.8636363636363636,0.8181818181818182,0.14285714285714285,13.0,54.0,9.0,12.0,63.0
magic-niab,1000,7,fixed_c3,0.8636363636363636,0.7424242424242424,0.14035087719298245,18.0,49.0,8.0,17.0,57.0
magic-niab,1000,7,fixed_c4,0.8636363636363636,0.7121212121212122,0.12962962962962962,19.0,47.0,7.0,19.0,54.0
magic-niab,1000,7,fixed_c5,0.8636363636363636,0.6363636363636364,0.125,24.0,42.0,6.0,24.0,48.0
magic-niab,1000,7,fixed_c6,0.8636363636363636,0.5909090909090909,0.13333333333333333,27.0,39.0,6.0,27.0,45.0
magic-niab,1000,7,fixed_c8,0.8636363636363636,0.42424242424242425,0.17647058823529413,38.0,28.0,6.0,38.0,34.0
magic-niab,1000,8,code2022_buggy,0.803030303030303,0.4696969696969697,0.18421052631578946,35.0,31.0,7.0,35.0,38.0
magic-niab,1000,8,code2022_signfixed,0.803030303030303,0.7575757575757576,0.20634920634920634,18.0,50.0,13.0,16.0,63.0
magic-niab,1000,8,fixed_c1,0.803030303030303,0.7727272727272727,0.3108108108108108,27.0,51.0,23.0,15.0,74.0
magic-niab,1000,8,fixed_c2,0.803030303030303,0.7424242424242424,0.234375,21.0,49.0,15.0,17.0,64.0
magic-niab,1000,8,fixed_c3,0.803030303030303,0.7272727272727273,0.21311475409836064,20.0,48.0,13.0,18.0,61.0
magic-niab,1000,8,fixed_c4,0.803030303030303,0.696969696969697,0.19298245614035087,20.0,46.0,11.0,20.0,57.0
magic-niab,1000,8,fixed_c5,0.803030303030303,0.6666666666666666,0.15384615384615385,22.0,44.0,8.0,22.0,52.0
magic-niab,1000,8,fixed_c6,0.803030303030303,0.6212121212121212,0.16326530612244897,25.0,41.0,8.0,25.0,49.0
magic-niab,1000,8,fixed_c8,0.803030303030303,0.4696969696969697,0.18421052631578946,35.0,31.0,7.0,35.0,38.0
magic-niab,1000,9,code2022_buggy,0.8333333333333334,0.4696969696969697,0.18421052631578946,37.0,31.0,7.0,35.0,38.0
magic-niab,1000,9,code2022_signfixed,0.8333333333333334,0.7727272727272727,0.19047619047619047,19.0,51.0,12.0,15.0,63.0
magic-niab,1000,9,fixed_c1,0.8333333333333334,0.7878787878787878,0.22388059701492538,21.0,52.0,15.0,14.0,67.0
magic-niab,1000,9,fixed_c2,0.8333333333333334,0.7878787878787878,0.2,19.0,52.0,13.0,14.0,65.0
magic-niab,1000,9,fixed_c3,0.8333333333333334,0.7575757575757576,0.18032786885245902,19.0,50.0,11.0,16.0,61.0
magic-niab,1000,9,fixed_c4,0.8333333333333334,0.696969696969697,0.16363636363636364,21.0,46.0,9.0,20.0,55.0
magic-niab,1000,9,fixed_c5,0.8333333333333334,0.6666666666666666,0.15384615384615385,22.0,44.0,8.0,22.0,52.0
magic-niab,1000,9,fixed_c6,0.8333333333333334,0.5606060606060606,0.1590909090909091,29.0,37.0,7.0,29.0,44.0
magic-niab,1000,9,fixed_c8,0.8333333333333334,0.3787878787878788,0.21875,41.0,25.0,7.0,41.0,32.0
magic-niab,300,0,code2022_buggy,0.6666666666666666,0.25757575757575757,0.19047619047619047,49.0,17.0,4.0,49.0,21.0
magic-niab,300,0,code2022_signfixed,0.6666666666666666,0.4090909090909091,0.20588235294117646,39.0,27.0,7.0,39.0,34.0
magic-niab,300,0,fixed_c1,0.6666666666666666,0.5151515151515151,0.37037037037037035,44.0,34.0,20.0,32.0,54.0
magic-niab,300,0,fixed_c2,0.6666666666666666,0.4393939393939394,0.23684210526315788,38.0,29.0,9.0,37.0,38.0
magic-niab,300,0,fixed_c3,0.6666666666666666,0.3484848484848485,0.23333333333333334,43.0,23.0,7.0,43.0,30.0
magic-niab,300,0,fixed_c4,0.6666666666666666,0.2878787878787879,0.24,47.0,19.0,6.0,47.0,25.0
magic-niab,300,0,fixed_c5,0.6666666666666666,0.2727272727272727,0.21739130434782608,48.0,18.0,5.0,48.0,23.0
magic-niab,300,0,fixed_c6,0.6666666666666666,0.22727272727272727,0.21052631578947367,51.0,15.0,4.0,51.0,19.0
magic-niab,300,0,fixed_c8,0.6666666666666666,0.19696969696969696,0.1875,53.0,13.0,3.0,53.0,16.0
magic-niab,300,1,code2022_buggy,0.5303030303030303,0.21212121212121213,0.3333333333333333,52.0,14.0,7.0,52.0,21.0
magic-niab,300,1,code2022_signfixed,0.5303030303030303,0.3939393939393939,0.2777777777777778,40.0,26.0,10.0,40.0,36.0
magic-niab,300,1,fixed_c1,0.5303030303030303,0.4393939393939394,0.35555555555555557,43.0,29.0,16.0,37.0,45.0
magic-niab,300,1,fixed_c2,0.5303030303030303,0.4090909090909091,0.25,39.0,27.0,9.0,39.0,36.0
magic-niab,300,1,fixed_c3,0.5303030303030303,0.3333333333333333,0.26666666666666666,44.0,22.0,8.0,44.0,30.0
magic-niab,300,1,fixed_c4,0.5303030303030303,0.25757575757575757,0.2916666666666667,49.0,17.0,7.0,49.0,24.0
magic-niab,300,1,fixed_c5,0.5303030303030303,0.16666666666666666,0.35294117647058826,55.0,11.0,6.0,55.0,17.0
magic-niab,300,1,fixed_c6,0.5303030303030303,0.12121212121212122,0.38461538461538464,58.0,8.0,5.0,58.0,13.0
magic-niab,300,1,fixed_c8,0.5303030303030303,0.12121212121212122,0.38461538461538464,58.0,8.0,5.0,58.0,13.0
magic-niab,300,2,code2022_buggy,0.6060606060606061,0.24242424242424243,0.2,51.0,16.0,4.0,50.0,20.0
magic-niab,300,2,code2022_signfixed,0.6060606060606061,0.36363636363636365,0.25,43.0,24.0,8.0,42.0,32.0
magic-niab,300,2,fixed_c1,0.6060606060606061,0.3939393939393939,0.4090909090909091,50.0,26.0,18.0,40.0,44.0
magic-niab,300,2,fixed_c2,0.6060606060606061,0.3787878787878788,0.3055555555555556,45.0,25.0,11.0,41.0,36.0
magic-niab,300,2,fixed_c3,0.6060606060606061,0.3484848484848485,0.20689655172413793,44.0,23.0,6.0,43.0,29.0
magic-niab,300,2,fixed_c4,0.6060606060606061,0.25757575757575757,0.2608695652173913,50.0,17.0,6.0,49.0,23.0
magic-niab,300,2,fixed_c5,0.6060606060606061,0.24242424242424243,0.2,50.0,16.0,4.0,50.0,20.0
magic-niab,300,2,fixed_c6,0.6060606060606061,0.18181818181818182,0.2,54.0,12.0,3.0,54.0,15.0
magic-niab,300,2,fixed_c8,0.6060606060606061,0.15151515151515152,0.23076923076923078,56.0,10.0,3.0,56.0,13.0
magic-niab,300,3,code2022_buggy,0.7121212121212122,0.2727272727272727,0.3076923076923077,51.0,18.0,8.0,48.0,26.0
magic-niab,300,3,code2022_signfixed,0.7121212121212122,0.4696969696969697,0.3111111111111111,39.0,31.0,14.0,35.0,45.0
magic-niab,300,3,fixed_c1,0.7121212121212122,0.5909090909090909,0.3709677419354839,39.0,39.0,23.0,27.0,62.0
magic-niab,300,3,fixed_c2,0.7121212121212122,0.5,0.2978723404255319,36.0,33.0,14.0,33.0,47.0
magic-niab,300,3,fixed_c3,0.7121212121212122,0.4090909090909091,0.2702702702702703,39.0,27.0,10.0,39.0,37.0
magic-niab,300,3,fixed_c4,0.7121212121212122,0.30303030303030304,0.2857142857142857,46.0,20.0,8.0,46.0,28.0
magic-niab,300,3,fixed_c5,0.7121212121212122,0.22727272727272727,0.3181818181818182,51.0,15.0,7.0,51.0,22.0
magic-niab,300,3,fixed_c6,0.7121212121212122,0.21212121212121213,0.3333333333333333,52.0,14.0,7.0,52.0,21.0
magic-niab,300,3,fixed_c8,0.7121212121212122,0.16666666666666666,0.35294117647058826,55.0,11.0,6.0,55.0,17.0
magic-niab,300,4,code2022_buggy,0.5151515151515151,0.21212121212121213,0.391304347826087,56.0,14.0,9.0,52.0,23.0
magic-niab,300,4,code2022_signfixed,0.5151515151515151,0.3939393939393939,0.2777777777777778,44.0,26.0,10.0,40.0,36.0
magic-niab,300,4,fixed_c1,0.5151515151515151,0.4393939393939394,0.42,52.0,29.0,21.0,37.0,50.0
magic-niab,300,4,fixed_c2,0.5151515151515151,0.3939393939393939,0.3157894736842105,46.0,26.0,12.0,40.0,38.0
magic-niab,300,4,fixed_c3,0.5151515151515151,0.3333333333333333,0.18518518518518517,44.0,22.0,5.0,44.0,27.0
magic-niab,300,4,fixed_c4,0.5151515151515151,0.2878787878787879,0.20833333333333334,47.0,19.0,5.0,47.0,24.0
magic-niab,300,4,fixed_c5,0.5151515151515151,0.19696969696969696,0.2777777777777778,53.0,13.0,5.0,53.0,18.0
magic-niab,300,4,fixed_c6,0.5151515151515151,0.16666666666666666,0.26666666666666666,55.0,11.0,4.0,55.0,15.0
magic-niab,300,4,fixed_c8,0.5151515151515151,0.12121212121212122,0.2727272727272727,58.0,8.0,3.0,58.0,11.0
magic-niab,300,5,code2022_buggy,0.7575757575757576,0.12121212121212122,0.5,59.0,8.0,8.0,58.0,16.0
magic-niab,300,5,code2022_signfixed,0.7575757575757576,0.3181818181818182,0.3,46.0,21.0,9.0,45.0,30.0
magic-niab,300,5,fixed_c1,0.7575757575757576,0.42424242424242425,0.3488372093023256,45.0,28.0,15.0,38.0,43.0
magic-niab,300,5,fixed_c2,0.7575757575757576,0.3787878787878788,0.2857142857142857,43.0,25.0,10.0,41.0,35.0
magic-niab,300,5,fixed_c3,0.7575757575757576,0.3484848484848485,0.25806451612903225,44.0,23.0,8.0,43.0,31.0
magic-niab,300,5,fixed_c4,0.7575757575757576,0.22727272727272727,0.3181818181818182,51.0,15.0,7.0,51.0,22.0
magic-niab,300,5,fixed_c5,0.7575757575757576,0.19696969696969696,0.3157894736842105,53.0,13.0,6.0,53.0,19.0
magic-niab,300,5,fixed_c6,0.7575757575757576,0.16666666666666666,0.35294117647058826,55.0,11.0,6.0,55.0,17.0
magic-niab,300,5,fixed_c8,0.7575757575757576,0.15151515151515152,0.375,56.0,10.0,6.0,56.0,16.0
magic-niab,300,6,code2022_buggy,0.696969696969697,0.19696969696969696,0.2777777777777778,53.0,13.0,5.0,53.0,18.0
magic-niab,300,6,code2022_signfixed,0.696969696969697,0.3484848484848485,0.25806451612903225,43.0,23.0,8.0,43.0,31.0
magic-niab,300,6,fixed_c1,0.696969696969697,0.4393939393939394,0.2926829268292683,41.0,29.0,12.0,37.0,41.0
magic-niab,300,6,fixed_c2,0.696969696969697,0.3787878787878788,0.2647058823529412,42.0,25.0,9.0,41.0,34.0
magic-niab,300,6,fixed_c3,0.696969696969697,0.2878787878787879,0.2962962962962963,47.0,19.0,8.0,47.0,27.0
magic-niab,300,6,fixed_c4,0.696969696969697,0.24242424242424243,0.3333333333333333,50.0,16.0,8.0,50.0,24.0
magic-niab,300,6,fixed_c5,0.696969696969697,0.16666666666666666,0.3888888888888889,55.0,11.0,7.0,55.0,18.0
magic-niab,300,6,fixed_c6,0.696969696969697,0.16666666666666666,0.3888888888888889,55.0,11.0,7.0,55.0,18.0
magic-niab,300,6,fixed_c8,0.696969696969697,0.16666666666666666,0.3125,55.0,11.0,5.0,55.0,16.0
magic-niab,300,7,code2022_buggy,0.5606060606060606,0.12121212121212122,0.3333333333333333,59.0,8.0,4.0,58.0,12.0
magic-niab,300,7,code2022_signfixed,0.5606060606060606,0.22727272727272727,0.4230769230769231,54.0,15.0,11.0,51.0,26.0
magic-niab,300,7,fixed_c1,0.5606060606060606,0.3484848484848485,0.3783783783783784,48.0,23.0,14.0,43.0,37.0
magic-niab,300,7,fixed_c2,0.5606060606060606,0.24242424242424243,0.4074074074074074,53.0,16.0,11.0,50.0,27.0
magic-niab,300,7,fixed_c3,0.5606060606060606,0.18181818181818182,0.45454545454545453,56.0,12.0,10.0,54.0,22.0
magic-niab,300,7,fixed_c4,0.5606060606060606,0.15151515151515152,0.47368421052631576,57.0,10.0,9.0,56.0,19.0
magic-niab,300,7,fixed_c5,0.5606060606060606,0.13636363636363635,0.4375,58.0,9.0,7.0,57.0,16.0
magic-niab,300,7,fixed_c6,0.5606060606060606,0.12121212121212122,0.4666666666666667,59.0,8.0,7.0,58.0,15.0
magic-niab,300,7,fixed_c8,0.5606060606060606,0.09090909090909091,0.5384615384615384,61.0,6.0,7.0,60.0,13.0
magic-niab,300,8,code2022_buggy,0.5757575757575758,0.15151515151515152,0.23076923076923078,56.0,10.0,3.0,56.0,13.0
magic-niab,300,8,code2022_signfixed,0.5757575757575758,0.25757575757575757,0.34615384615384615,49.0,17.0,9.0,49.0,26.0
magic-niab,300,8,fixed_c1,0.5757575757575758,0.5303030303030303,0.3137254901960784,36.0,35.0,16.0,31.0,51.0
magic-niab,300,8,fixed_c2,0.5757575757575758,0.3333333333333333,0.35294117647058826,45.0,22.0,12.0,44.0,34.0
magic-niab,300,8,fixed_c3,0.5757575757575758,0.25757575757575757,0.37037037037037035,50.0,17.0,10.0,49.0,27.0
magic-niab,300,8,fixed_c4,0.5757575757575758,0.21212121212121213,0.4166666666666667,53.0,14.0,10.0,52.0,24.0
magic-niab,300,8,fixed_c5,0.5757575757575758,0.21212121212121213,0.3333333333333333,52.0,14.0,7.0,52.0,21.0
magic-niab,300,8,fixed_c6,0.5757575757575758,0.18181818181818182,0.3333333333333333,54.0,12.0,6.0,54.0,18.0
magic-niab,300,8,fixed_c8,0.5757575757575758,0.13636363636363635,0.4,57.0,9.0,6.0,57.0,15.0
magic-niab,300,9,code2022_buggy,0.7272727272727273,0.21212121212121213,0.2631578947368421,53.0,14.0,5.0,52.0,19.0
magic-niab,300,9,code2022_signfixed,0.7272727272727273,0.4090909090909091,0.2702702702702703,41.0,27.0,10.0,39.0,37.0
magic-niab,300,9,fixed_c1,0.7272727272727273,0.5151515151515151,0.37037037037037035,43.0,34.0,20.0,32.0,54.0
magic-niab,300,9,fixed_c2,0.7272727272727273,0.4696969696969697,0.24390243902439024,37.0,31.0,10.0,35.0,41.0
magic-niab,300,9,fixed_c3,0.7272727272727273,0.36363636363636365,0.25,42.0,24.0,8.0,42.0,32.0
magic-niab,300,9,fixed_c4,0.7272727272727273,0.21212121212121213,0.36363636363636365,52.0,14.0,8.0,52.0,22.0
magic-niab,300,9,fixed_c5,0.7272727272727273,0.16666666666666666,0.3888888888888889,55.0,11.0,7.0,55.0,18.0
magic-niab,300,9,fixed_c6,0.7272727272727273,0.12121212121212122,0.4666666666666667,58.0,8.0,7.0,58.0,15.0
magic-niab,300,9,fixed_c8,0.7272727272727273,0.12121212121212122,0.42857142857142855,58.0,8.0,6.0,58.0,14.0
